<?xml version="1.0" encoding="UTF-8"?>
<GenRun Id="synth_1" LaunchPart="xc7a35tcpg236-1" LaunchTime="1715987767">
  <File Type="PA-TCL" Name="lab3.tcl"/>
  <File Type="RDS-PROPCONSTRS" Name="lab3_drc_synth.rpt"/>
  <File Type="REPORTS-TCL" Name="lab3_reports.tcl"/>
  <File Type="RDS-RDS" Name="lab3.vds"/>
  <File Type="RDS-UTIL" Name="lab3_utilization_synth.rpt"/>
  <File Type="RDS-UTIL-PB" Name="lab3_utilization_synth.pb"/>
  <File Type="RDS-DCP" Name="lab3.dcp"/>
  <File Type="VDS-TIMINGSUMMARY" Name="lab3_timing_summary_synth.rpt"/>
  <File Type="VDS-TIMING-PB" Name="lab3_timing_summary_synth.pb"/>
  <FileSet Name="sources" Type="DesignSrcs" RelSrcDir="$PSRCDIR/sources_1">
    <Filter Type="Srcs"/>
    <File Path="$PSRCDIR/sources_1/imports/M152Alab3-main/count.v">
      <FileInfo>
        <Attr Name="ImportPath" Val="$PPRDIR/M152Alab3-main/count.v"/>
        <Attr Name="ImportTime" Val="1715984289"/>
        <Attr Name="UsedIn" Val="synthesis"/>
        <Attr Name="UsedIn" Val="implementation"/>
        <Attr Name="UsedIn" Val="simulation"/>
      </FileInfo>
    </File>
    <File Path="$PSRCDIR/sources_1/imports/M152Alab3-main/seven.v">
      <FileInfo>
        <Attr Name="ImportPath" Val="$PPRDIR/M152Alab3-main/seven.v"/>
        <Attr Name="ImportTime" Val="1715984289"/>
        <Attr Name="UsedIn" Val="synthesis"/>
        <Attr Name="UsedIn" Val="implementation"/>
        <Attr Name="UsedIn" Val="simulation"/>
      </FileInfo>
    </File>
    <File Path="$PSRCDIR/sources_1/imports/M152Alab3-main/lab3.v">
      <FileInfo>
        <Attr Name="ImportPath" Val="$PPRDIR/M152Alab3-main/lab3.v"/>
        <Attr Name="ImportTime" Val="1715984289"/>
        <Attr Name="UsedIn" Val="synthesis"/>
        <Attr Name="UsedIn" Val="implementation"/>
        <Attr Name="UsedIn" Val="simulation"/>
      </FileInfo>
    </File>
    <Config>
      <Option Name="DesignMode" Val="RTL"/>
      <Option Name="TopModule" Val="lab3"/>
      <Option Name="TopAutoSet" Val="TRUE"/>
    </Config>
  </FileSet>
  <FileSet Name="constrs_in" Type="Constrs" RelSrcDir="$PSRCDIR/constrs_1">
    <Filter Type="Constrs"/>
    <File Path="$PSRCDIR/constrs_1/imports/M152Alab3-main/constraints.xdc">
      <FileInfo>
        <Attr Name="ImportPath" Val="$PPRDIR/M152Alab3-main/constraints.xdc"/>
        <Attr Name="ImportTime" Val="1715984289"/>
        <Attr Name="UsedIn" Val="synthesis"/>
        <Attr Name="UsedIn" Val="implementation"/>
      </FileInfo>
    </File>
    <Config>
      <Option Name="ConstrsType" Val="XDC"/>
    </Config>
  </FileSet>
  <Strategy Version="1" Minor="2">
    <StratHandle Name="Vivado Synthesis Defaults" Flow="Vivado Synthesis 2018"/>
    <Step Id="synth_design"/>
  </Strategy>
</GenRun>
